level,score,stars,stairs,runSeconds,wrongColors,obstacleHits
1,3174,3,18,27.36,0,0
2,2992,3,18,28.01,0,0
3,3009,3,18,28.62,0,0
4,3377,3,18,29.22,0,0
5,3046,3,18,29.82,0,0
6,3265,3,18,30.42,0,0
7,3033,3,18,30.64,0,0
8,3449,3,18,31.22,0,0
9,3317,3,18,31.82,0,0
10,3384,3,18,32.42,0,0
11,3352,3,18,33.02,0,0
12,3320,3,18,33.62,0,0
13,3289,3,18,33.69,0,0
14,3657,3,18,34.22,0,0
15,3326,3,18,34.81,0,0
16,3642,3,18,35.22,0,0
17,3962,3,18,35.82,0,0
18,3930,3,18,36.22,0,0
19,4278,3,18,39.22,0,0
20,3854,3,18,34.62,0,0
100,3634,3,18,30.21,0,0
1000,4378,3,18,39.22,0,0
1000000,4204,3,18,34.62,0,0
